income,spending_habit,social_media_score,transaction_frequency,credit_history,loan_amount,credit_utilization,loan_default
25795,0.24729034857913407,658,31,0,2730,0.9856283628512171,0
10860,0.24783921813789367,679,49,1,7011,0.8168359503966227,1
86820,0.8331172482082438,520,29,0,49780,0.7810822812222354,0
64886,0.6986774986265801,719,26,0,42729,0.7125023456011913,1
16265,0.5707588822922074,423,18,0,26677,0.24946736710016235,0
92386,0.42294743571115223,721,32,1,5265,0.15319523878808908,1
47194,0.8894804867317975,530,22,1,20854,0.7216536836019368,0
97498,0.4532005966803718,362,38,1,24429,0.7559076000309184,1
54131,0.8349394955244194,784,17,0,29320,0.14227569198832582,0
70263,0.4952214177131966,873,23,0,46540,0.9352465752059633,1
26023,0.43924998648241687,782,24,0,30023,0.1820265755002098,0
51090,0.5164118071026458,818,8,0,6052,0.3573104803940822,1
77221,0.3712400867477279,454,41,1,1127,0.7051508315188341,0
74820,0.772848442158626,391,6,0,12489,0.2528853349640287,1
10769,0.5524483510832312,825,5,0,14280,0.14987429959802,0
69735,0.30899142563213555,754,44,0,7089,0.39803184024773486,1
72955,0.9096171159471116,897,29,1,35312,0.7893744173696612,0
74925,0.44550209923589024,809,28,0,28628,0.47231081108673434,1
77969,0.5891975750025897,482,11,0,46439,0.6876756297171454,0
15311,0.9158248998680922,685,1,0,39152,0.621657187505323,1
93104,0.6618141963225929,873,43,0,28290,0.11999663382302238,0
63707,0.20520823663752769,704,19,0,41453,0.989685988341136,1
95305,0.9458489112521276,545,9,1,749,0.137285279937449,0
38693,0.6649372477642761,890,27,0,19809,0.9710224638836366,1
81932,0.4014150531913775,770,34,0,26401,0.5948777605279584,0
35658,0.22534486539704854,722,44,0,24076,0.9668431243585599,1
94478,0.8146226703432664,364,4,0,32008,0.2032782394724519,0
28431,0.6580654803356621,312,36,0,9675,0.541367667266962,1
12747,0.5801149827786893,512,18,0,25964,0.2525536826794528,0
69150,0.9045033247458619,541,15,0,16760,0.14587738932019817,1
75725,0.8097374901020776,792,13,0,35940,0.6557762035560804,0
94654,0.23650739175947608,512,19,0,30046,0.2870050788655223,1
45773,0.3805498610159934,637,49,0,40547,0.6289273164587913,0
77435,0.3236402258330192,472,6,1,41930,0.20112803375408705,1
66886,0.7695516633154093,463,48,1,2487,0.3987878242894325,0
76803,0.13017919126220145,764,12,1,49742,0.8034693022479225,1
41551,0.6129007163841849,796,37,1,25605,0.49334636965796885,0
21394,0.7862128171666215,694,17,0,13448,0.6649708734076027,1
79092,0.8890890730855745,607,23,1,13526,0.6827121466709913,0
13890,0.4078735738443168,482,26,1,3273,0.8593795395885643,1
51606,0.8391315742048115,809,29,0,46427,0.39243051496597714,0
90038,0.19956856325968653,845,33,1,10378,0.7185660063242658,1
97313,0.8618070625610663,863,27,1,43446,0.9654542263415491,0
20627,0.21473979609878419,893,25,0,10877,0.7572190009220813,1
18792,0.4575585615043306,526,10,0,7847,0.5408834290459701,0
83969,0.8175658292015983,735,47,0,34276,0.6676457000427363,1
53001,0.2349256846138964,721,23,1,4283,0.7657146079867974,0
86552,0.3063262557093773,853,21,1,4798,0.6510481891244851,1
33897,0.7500273115537597,320,21,0,5168,0.11500823214085525,0
78148,0.748032882891467,853,43,0,21171,0.27529614791850326,1
33483,0.6770328695967676,696,13,1,35320,0.8294213954939195,0
58555,0.72455360002039,404,37,0,34984,0.3453855825812362,1
27159,0.5884519990128366,491,33,1,33578,0.7584059076050206,0
90077,0.3266191530162575,316,24,0,47659,0.43490819371752887,1
45920,0.4111263941535275,419,44,0,21422,0.5696958953421488,0
77121,0.2634379451212831,692,11,1,34528,0.16117596983746335,1
79479,0.9176055052002655,724,17,0,46425,0.2631030049447386,0
99475,0.6250526152895084,428,4,0,20816,0.9614772671673111,1
29457,0.46076627508727597,429,47,0,11960,0.9011242481022226,0
76557,0.5158052232797194,871,25,1,17468,0.6870475998091452,1
87189,0.9525550056506338,859,30,0,30766,0.5136801376471637,0
88953,0.2380162628044722,328,9,0,30709,0.7081851636057014,1
62995,0.6276068488151175,396,21,0,24500,0.656749260184545,0
50757,0.5552998109960194,309,20,0,14511,0.6116970300441509,1
19692,0.6503088118911831,541,19,0,3366,0.15325936467718765,0
55758,0.11629916543875646,531,19,0,47633,0.6695223495953562,1
82409,0.8849115180497363,583,12,1,6398,0.7920280401140515,0
81211,0.9389064542352511,499,37,1,18895,0.994673489181018,1
75697,0.608619865230288,378,42,0,39519,0.10997069733487871,0
47065,0.726985741489203,472,17,1,38207,0.757156107979609,1
42606,0.9302494430595661,766,37,1,4506,0.6146103843423825,0
21534,0.7365147708820587,880,48,0,34893,0.490646958472861,1
50397,0.23728513862283523,715,39,1,11456,0.2148131571142338,0
11016,0.6186595241501318,748,28,1,31163,0.46817663377138863,1
99789,0.6460435417445703,386,41,1,6578,0.41893946468752175,0
65591,0.4817176041721475,400,35,1,30131,0.372546900080868,1
99812,0.7627998120622506,307,47,1,30640,0.757791660989987,0
33247,0.9409303132921134,499,48,1,42191,0.7306529691558374,1
34300,0.9330116616160987,804,18,1,4461,0.6301180818828204,0
84065,0.5057554342637189,386,14,1,29777,0.9447983319640351,1
92798,0.20191424125667973,342,35,0,42074,0.414868945762769,0
19268,0.9863570790661012,684,44,0,31917,0.3194217439391616,1
96807,0.8550082778013407,734,41,1,22984,0.6903129817885596,0
22185,0.21219641308294018,707,7,1,18603,0.2789326548436627,1
73704,0.928757694355635,782,41,0,29845,0.38350945646508217,0
96779,0.8829067258559155,316,13,1,46826,0.30214219606739634,1
49099,0.5669542514134649,447,18,1,39954,0.1622382109466511,0
18571,0.6321478921704363,576,37,0,2087,0.8447488674721061,1
48044,0.4591024334831173,531,13,0,43071,0.3290864886294951,0
61214,0.14928547493982822,665,36,0,21531,0.5257247530087187,1
71228,0.40167751748131086,527,31,1,26712,0.13898374592888077,0
58984,0.8225681037382103,735,2,1,10850,0.7294055196273788,1
50774,0.10416882070414257,698,16,0,19316,0.3975049020756618,0
12568,0.40014925452202976,510,9,0,20788,0.770263055046289,1
72592,0.45835182423184895,690,9,1,29932,0.4711627544210796,0
77563,0.5836560426441306,798,38,0,44722,0.27618004576506217,1
12695,0.9278700547714844,839,11,1,49117,0.5618575740538323,0
58190,0.41171139492936515,862,22,1,7337,0.21745410367369583,1
15258,0.41225788170660493,790,33,0,34717,0.49648524388569526,0
97538,0.7637511232987735,741,36,0,21384,0.38557492967843787,1
49504,0.5069961468008265,560,45,1,5954,0.9207636257796699,0
43159,0.3021443406459838,649,23,0,9924,0.15483584954864796,1
23986,0.507195564519424,651,45,0,37385,0.7246156726951678,0
71858,0.22677131834181988,819,45,0,42137,0.2644760493886923,1
22666,0.258748287855601,619,34,0,44118,0.3871405668990159,0
48660,0.5485309954655317,437,9,1,18912,0.47396265675585936,1
13561,0.4770329045540931,849,24,1,47611,0.9172135804374768,0
36854,0.92336131096129,667,8,1,40113,0.3183204394664426,1
74505,0.4261545092049698,519,7,1,20642,0.1821779222902032,0
62251,0.6225295152502391,636,36,0,37892,0.3868206435914713,1
32662,0.6690378591275773,522,18,0,9348,0.19420837348198,0
18392,0.11178501092950027,659,3,1,49817,0.21573683736449728,1
40535,0.6971836348150395,628,28,1,13636,0.616465538177524,0
88603,0.2602323701827763,762,6,0,1089,0.154811739789544,1
62256,0.9649632857225097,860,44,1,21408,0.12783779325420944,0
99135,0.23379645497780166,681,44,1,7009,0.742972691323448,1
45222,0.4731617113543214,889,21,0,40961,0.42548238535694005,0
87373,0.17681470127077947,468,28,1,42722,0.21283781431048596,1
89575,0.9971868266613526,516,40,0,49723,0.3282514937737374,0
94651,0.5519755092981183,677,1,0,44976,0.6778778566171592,1
73335,0.6358465155880394,418,36,1,46210,0.3479829104267661,0
20965,0.16036882964958474,489,21,0,49920,0.5450690126083672,1
34538,0.77496442335926,669,43,1,10468,0.20952577605400508,0
80592,0.28891503378602723,448,35,0,2962,0.6292842738449023,1
18110,0.9082488604966423,787,13,1,9960,0.3844699154589377,0
89309,0.28462567643380643,673,49,1,34283,0.6642715910758449,1
37266,0.27161894859729996,459,10,1,9775,0.8275553940736206,0
62992,0.1328947010632854,650,44,0,29177,0.6504817774509932,1
92948,0.5248602505989993,587,47,0,13769,0.36617280633551863,0
16910,0.6083570199363548,587,10,1,906,0.3301693313934704,1
10206,0.15913777548551714,525,46,0,7884,0.39467886286010323,0
97054,0.7979748550255095,822,13,1,23053,0.24815846191285437,1
97897,0.5079599512732249,821,37,1,24866,0.26305466576501807,0
33419,0.5719512423948221,572,38,0,44536,0.8116219917101511,1
60636,0.4966864722444053,701,24,1,17869,0.44625931885670045,0
60015,0.4606867547877934,482,2,0,12295,0.4923956625135273,1
64268,0.6036762981773961,787,22,1,4985,0.6346445190101301,0
97939,0.23971622133764126,423,17,0,42169,0.6306881456363929,1
28141,0.263735317445744,713,36,1,3118,0.16063918436973318,0
90356,0.8756070589121656,471,14,1,30643,0.848386707703899,1
81910,0.9515039159202695,587,10,0,29925,0.2595938979015455,0
66044,0.43597838465177763,734,35,1,23173,0.7507644724447019,1
77214,0.3436702058291984,412,25,1,10103,0.7954038893153499,0
43827,0.6795995889151142,421,3,0,40196,0.7434095806821823,1
65820,0.46786075398828675,843,47,1,5868,0.6210798818987306,0
72623,0.12284772009431039,521,38,0,5121,0.11314809739799458,1
91734,0.24053733762957133,338,17,1,15219,0.4243379431268536,0
85450,0.7443750059626578,796,12,0,29727,0.644355486426323,1
32299,0.6930315477191362,532,24,1,44394,0.4487061663302848,0
53585,0.12438639325313515,829,29,1,8066,0.8771319054215317,1
74044,0.2997749457396545,448,43,1,12806,0.3779220478146539,0
52557,0.30796731692926427,696,25,0,24542,0.36418131321279446,1
59080,0.7047034692388555,601,36,0,15586,0.3393979237833922,0
12693,0.11773948397892775,659,26,0,17887,0.399502782064716,1
79163,0.19369772378611647,537,38,0,27542,0.6016644678827685,0
35939,0.8199244768358704,535,1,1,24388,0.7363137648453317,1
58925,0.2606901958489003,502,20,1,27014,0.6963111259649066,0
52941,0.6874714970666872,555,28,0,18823,0.8269460379833317,1
31834,0.31436450294205387,897,16,0,18519,0.8973225959476824,0
28047,0.18949725348341065,534,47,0,10390,0.8344711381090162,1
36105,0.3188549718995087,644,17,1,41363,0.11705086303691913,0
85766,0.7500402386700933,833,40,0,45987,0.7623261581967898,1
25707,0.8701268212956572,765,28,0,10783,0.28755961625649845,0
31976,0.8471978781102925,840,12,1,18779,0.21963523843718438,1
54262,0.45746517665660935,512,27,1,47499,0.674639906319222,0
33776,0.7012766229135815,762,42,0,23408,0.38776887586692543,1
40080,0.28448586587423885,735,47,1,47966,0.15140544703339895,0
76842,0.36383295723491194,582,30,0,38452,0.2238667609585252,1
71373,0.9067022366690077,861,41,1,35670,0.10083647518296496,0
16776,0.11170173115966243,762,34,0,38163,0.9129012646102366,1
65016,0.17695767776902127,706,37,0,44672,0.12215618545711474,0
19474,0.2870976296314246,387,6,0,48429,0.28851019255856,1
68053,0.12387898348643775,343,7,0,9843,0.4746365026191166,0
31959,0.26329189158081756,760,32,1,11137,0.4209141933557372,1
15530,0.624737404872723,577,32,1,35224,0.9205532892214981,0
13748,0.4792820955332482,720,25,1,40291,0.13626005116108791,1
23545,0.9034045399692774,652,33,1,29634,0.5609932369093464,0
76199,0.8356992055645968,814,7,0,47330,0.7124315162719366,1
44766,0.40763561652808844,318,12,0,47601,0.938528176313052,0
83530,0.33348109008816323,322,16,1,4407,0.658334126911349,1
71087,0.4417231673505402,712,16,1,34075,0.8233797124105864,0
78840,0.631265448263327,329,43,1,47299,0.17535244406081357,1
64384,0.34125727674058864,407,36,1,5327,0.44734555984323465,0
61005,0.6617340170642206,666,13,1,31107,0.43655242103116076,1
56576,0.46847048697211635,580,7,0,14199,0.8976593948101459,0
49353,0.5968424627667822,427,36,0,37792,0.23623405413694745,1
72003,0.492513876221785,528,47,0,48461,0.23669755510296725,0
93211,0.3650191835877259,410,9,1,26383,0.3957023348972186,1
62733,0.953607976265941,435,32,1,49491,0.14901944263015382,0
75318,0.7872452147437847,661,11,1,5813,0.264212236587241,1
99474,0.2261018581898073,485,8,1,14098,0.9686886746911616,0
33664,0.8816211783081215,883,33,0,46326,0.48536554588045555,1
77172,0.5386880784245623,428,23,0,29307,0.6688172875801928,0
95616,0.9050970042046823,560,25,1,5387,0.7535001334101732,1
36736,0.8198697303525837,814,8,0,4354,0.43026526630648043,0
10854,0.48269215402231014,748,45,0,45726,0.23250436696946528,1
48623,0.12022237748810566,403,22,1,15036,0.28592291459960273,0
17392,0.3418096234464515,782,4,1,4058,0.3819398289225493,1
65680,0.5874707931947802,523,40,1,10272,0.672461578317003,0
56717,0.6701303978435326,790,3,1,36843,0.458452494180149,1
97092,0.3320989168898821,772,29,1,35686,0.10613322811011532,0
60859,0.22542046666554172,309,41,1,37466,0.5710664665607247,1
36309,0.8514372131193692,704,29,0,34269,0.929362052716676,0
97455,0.9859619626331969,601,34,0,40387,0.8308698499078111,1
73734,0.5731211640724173,530,34,1,19729,0.842690234133668,0
80467,0.2545113572634732,365,28,0,10173,0.8155522158455181,1
62662,0.34507659386743206,411,13,1,28377,0.3913577430493813,0
22688,0.11655160889272007,312,15,1,32101,0.7886744503789528,1
35342,0.9228689259044491,692,23,1,38584,0.2288452220300737,0
47157,0.20597597460112704,799,44,1,16744,0.6919445325483582,1
77863,0.6188648279628282,897,26,0,27856,0.6774117100164949,0
62083,0.3466496986184854,533,4,1,17306,0.12301281918076121,1
75733,0.5987602022642141,613,26,0,23599,0.8091731202318384,0
99045,0.6862783495166778,865,40,1,45141,0.9129232945856175,1
44698,0.8467676233364815,311,9,1,37534,0.3406737506248969,0
90623,0.2857791445845429,508,5,1,40817,0.8311516517675358,1
32671,0.10989624579263244,313,32,0,19594,0.17416537467575338,0
35184,0.22319706706192655,717,20,1,11089,0.6399710724349594,1
52107,0.9100167776632946,736,11,1,2157,0.5370821788008494,0
96202,0.8865010698062638,676,15,1,33264,0.5913311799781,1
61663,0.6376717919532775,319,32,0,40031,0.9335846816959106,0
25708,0.640465174390288,886,28,0,3664,0.8841837225221681,1
59811,0.6985330070916299,369,22,0,28042,0.8065752915157813,0
12811,0.2578341507611046,510,41,1,18937,0.3463286119105339,1
66250,0.9229707513324638,400,17,0,41747,0.9206367658174824,0
82082,0.47689347240286584,431,26,1,39005,0.18775692321748771,1
44754,0.44482467542454773,680,44,0,20101,0.867996294902909,0
21411,0.5670259347545538,431,7,0,28930,0.39534406511824705,1
12911,0.14226937009754956,319,42,1,6509,0.14839508049578504,0
77270,0.24965503188047147,835,26,0,5052,0.7024212858166735,1
93763,0.7642302547837334,526,25,1,9917,0.30815193548435993,0
18680,0.1745188011326138,453,10,1,42489,0.31921401327816873,1
94896,0.6428368985197493,768,45,0,3171,0.37544244960589435,0
93879,0.32081419871318884,704,19,1,7019,0.15731629075226505,1
81295,0.45036605263777896,501,11,1,37230,0.25941442977842866,0
98614,0.35982436309362986,337,13,0,13234,0.10462566482700428,1
21111,0.42010544481845424,487,8,0,46390,0.5008685689952082,0
47504,0.7471413146658209,356,40,1,4222,0.17582983967617416,1
11802,0.3674095440608576,319,4,0,5406,0.7143873445397791,0
18155,0.6097641762672075,572,47,1,30596,0.31206056607248356,1
83656,0.5284453619791897,418,31,1,40531,0.9492167296316594,0
49384,0.6973040488263833,882,28,0,14199,0.8841264646587873,1
57254,0.9431467653922821,815,11,0,21938,0.3604968054713874,0
31918,0.7593148874892253,520,43,0,44356,0.8048939091910109,1
95981,0.2934463407316811,825,1,0,34076,0.8229204141983256,0
70713,0.12806482155515622,814,49,1,42438,0.9879068027029694,1
40306,0.3360376398698426,635,47,1,49528,0.6380559881611164,0
26646,0.6355701376302293,354,38,0,32747,0.17376916117929597,1
56843,0.14628323213582534,799,24,0,43961,0.6821535060337428,0
26371,0.5467296224811127,835,47,1,28438,0.6624817735384316,1
87371,0.6371585640252003,461,31,1,40969,0.6745155196783886,0
12049,0.4008195017352647,893,41,1,18100,0.3764310832937904,1
41616,0.7938209833712397,458,46,1,20935,0.8737116265722996,0
30932,0.1959384278203946,487,26,0,19081,0.9635249646598707,1
39855,0.1676240035622279,359,49,1,14691,0.2959412616803364,0
71434,0.7553698805832431,618,5,1,19690,0.17933694232298003,1
82694,0.5459421845855786,510,20,0,27886,0.2750815298516357,0
53016,0.7195621567849624,705,41,1,32221,0.8384969253301469,1
17400,0.4913446047433716,408,11,1,14204,0.7089801713378627,0
52642,0.32176182991519614,375,33,0,2623,0.672442608105214,1
25151,0.8371920859067797,841,38,0,25674,0.4616138215984821,0
61407,0.8194742910720814,613,27,0,44801,0.6200451743602922,1
76690,0.7252268237689841,416,34,1,49876,0.37708671274693073,0
14499,0.34493062350696646,318,15,1,47716,0.5294800714761652,1
16295,0.6312076001821784,731,32,0,15086,0.8137567255335904,0
69040,0.4248765072460241,649,21,0,32476,0.9831174377099159,1
22183,0.18242386599397076,482,46,1,25916,0.9392400312308217,0
39299,0.9255822179160185,412,5,0,2314,0.940479348561624,1
22874,0.22313676782706526,482,6,0,13501,0.4620013613624011,0
42711,0.9552136184387222,780,38,0,17008,0.5219108924561119,1
15539,0.5014051956621601,445,22,1,20130,0.7350718567320834,0
63351,0.2666196359547577,412,18,1,13880,0.9299727352461559,1
71267,0.5877108526405224,775,14,1,48674,0.2277948334168762,0
58354,0.8856512522887674,602,10,1,36199,0.37381767744447625,1
12557,0.759002397768605,417,46,1,46835,0.22532216013469858,0
48360,0.8259050330753047,460,13,1,47306,0.6508076769635098,1
92018,0.6929050300396457,700,31,0,12817,0.37567089719878377,0
12200,0.7230489080660673,497,30,1,36239,0.39349706726131617,1
78497,0.8642760864087874,559,3,1,35285,0.16382436353918134,0
56975,0.32470120797326735,346,30,0,32480,0.4148164556268328,1
31357,0.5404824672788264,698,6,1,24299,0.8762468566614268,0
87505,0.299088497637642,858,29,1,35683,0.3097655307017515,1
12869,0.9889012071969823,377,8,0,29666,0.7256687195890591,0
71135,0.949653405717952,423,44,0,19980,0.6666655104447334,1
60108,0.13548413023165531,374,45,0,2109,0.8771361475322038,0
48467,0.7350176552641197,436,43,1,1217,0.21905915288593442,1
33328,0.9327234856740992,699,44,0,20445,0.9798309643105388,0
96831,0.2625178106146002,804,33,1,26092,0.624365781436329,1
13987,0.6111507074973666,799,17,1,28641,0.9959267371121329,0
68871,0.9239394678292376,872,48,1,30509,0.9203632532792657,1
32399,0.13055138072721897,437,11,1,45930,0.29936554490179523,0
56214,0.7276782405221559,349,13,0,7282,0.1505458089129818,1
96416,0.3676141066352957,553,11,0,27036,0.3300751844158254,0
80271,0.9319565758388774,862,31,1,34316,0.5748072840994779,1
54064,0.973952420648831,725,28,0,26433,0.254436730358671,0
80091,0.9498398402020906,846,44,1,12118,0.25071377006618967,1
50818,0.5267927949917174,601,6,1,8807,0.5163341923946378,0
55525,0.8758383858903821,880,41,1,27171,0.1299411740524226,1
29830,0.8600944586815633,648,16,0,41173,0.20969927427904342,0
27429,0.38719042591893005,348,4,1,43261,0.47427520546715285,1
16893,0.8460239267356096,373,35,1,10838,0.15681691828716982,0
89909,0.13330687124394336,560,48,0,38846,0.4570795508099764,1
57333,0.6366428906338477,655,26,0,47102,0.5266056393536006,0
13436,0.30700795355893273,881,12,0,7048,0.506139952665803,1
84290,0.20851019719955094,559,11,0,40649,0.8822573716627786,0
86213,0.16925788146628823,594,37,1,21664,0.5770562095465592,1
15895,0.7266598982903257,612,25,0,28026,0.5211824162302391,0
29738,0.4058874673912596,481,18,1,31722,0.46963832085249957,1
40746,0.7522900943758853,663,19,0,20676,0.8358610404740375,0
59377,0.15882070671904813,487,23,0,3441,0.9055509435998498,1
58404,0.38376130404754927,868,38,0,6195,0.8679182222774058,0
64045,0.5855421631378035,842,18,0,39669,0.7061919203182517,1
49790,0.8116508483550672,895,26,0,48447,0.22362557137180683,0
15600,0.38687725263886297,847,6,0,47724,0.34918297254281105,1
50764,0.6633022387933082,707,4,1,46365,0.1414567573137797,0
84543,0.8973799734125684,713,44,0,26053,0.9377416674911027,1
55714,0.6542768693640741,641,29,0,39465,0.6947186767218193,0
66835,0.3096635272782704,519,34,0,38718,0.7717265958819174,1
83744,0.12196070340088422,462,17,0,25859,0.3804145656240061,0
66491,0.8830889865108369,519,43,1,25316,0.8610881700496081,1
28589,0.11914246976534842,569,43,0,8878,0.33364295533763066,0
53484,0.8872315054157794,699,16,0,2381,0.10147938140120472,1
92989,0.5760434206244908,481,2,0,40067,0.43877346626862457,0
46212,0.9451609286616065,504,34,0,47865,0.6136853328631661,1
53525,0.8189049121962988,881,8,1,14175,0.5308343721689703,0
57202,0.9981406994800037,855,13,0,5086,0.8758685283189374,1
42635,0.41564063390653916,527,42,1,25506,0.19486475736055026,0
73208,0.7904694600380142,895,8,0,41698,0.598441096570353,1
43828,0.46173782224831794,549,30,1,23331,0.5616814148388167,0
28711,0.5318880582735179,740,32,1,35613,0.3532536839549467,1
13420,0.6647549168965331,832,36,0,16959,0.8400053013193095,0
10301,0.8863094027677049,495,47,0,32943,0.7775637902939857,1
55236,0.9856751222793656,818,30,1,42816,0.7595732685986478,0
76235,0.7914460724780664,369,1,1,31095,0.8885732304426004,1
64240,0.4759901039506004,698,43,0,6377,0.750506140559369,0
75726,0.4792213020493632,502,39,1,40053,0.3086571625432538,1
20492,0.7638240714300023,447,17,1,49101,0.735006440484722,0
16102,0.3148994311914721,771,20,1,5422,0.3769325320508595,1
60336,0.1994267018182552,498,24,0,5186,0.3179571853127235,0
95314,0.4191599418766989,725,22,1,33266,0.1657032336096646,1
36641,0.3585150924886735,791,29,1,14907,0.769625722312909,0
44584,0.36667730841039115,441,22,1,32506,0.73990086575483,1
42745,0.31024697594491896,612,44,0,31922,0.3110495299066844,0
33093,0.1378838706727257,464,9,0,12705,0.7744411150517404,1
76105,0.11608654126007244,613,37,1,21554,0.9260567947841978,0
61885,0.9889501507624284,320,10,0,24027,0.19722606174242135,1
46631,0.4849958203622762,381,36,1,46447,0.3093729745480975,0
82991,0.4458939824437135,880,37,0,18943,0.775234714678584,1
14014,0.7116825544237628,430,28,0,17024,0.34705600615637044,0
21093,0.29642849907855773,898,28,1,28702,0.6621975768553451,1
28070,0.9549650655552028,604,42,0,516,0.17304780201734307,0
45777,0.8077105129739969,670,43,0,46642,0.5069822311931849,1
66958,0.18046990208103358,683,21,0,17348,0.7651822797936577,0
92074,0.4758226982064355,744,24,1,21355,0.7178625487389273,1
20729,0.8912064768059482,724,42,0,18711,0.8335648906082261,0
55017,0.9502588200622692,460,40,0,25595,0.889706913942852,1
76320,0.5206613601248827,477,2,1,39224,0.7958651511328824,0
37751,0.6520702502896369,789,8,0,49741,0.7044289686450333,1
88069,0.2503305514828677,626,48,0,38083,0.12855024263442805,0
64748,0.9920517635232788,897,27,0,3343,0.5814700060684996,1
15801,0.3085045312450991,588,22,0,29801,0.13392795242336752,0
29190,0.948458596721613,892,37,0,26960,0.8272610354044203,1
59689,0.6846819840931316,872,27,1,32418,0.3886520720139618,0
60993,0.6469631153909732,872,29,1,29247,0.6061864367061288,1
39592,0.5614196599148578,653,3,0,16472,0.3515007765870124,0
20647,0.3076028305459828,327,44,0,28810,0.8042501299422642,1
18716,0.25887522880495745,342,13,0,23427,0.8978522739777123,0
98891,0.2984375881631578,722,45,1,1594,0.45877824479175755,1
97545,0.2677944359298291,897,10,1,39392,0.8766301541598901,0
99912,0.801626026210078,476,36,0,34672,0.34036750671069915,1
80316,0.41511273325005715,828,9,0,23824,0.5811948307679714,0
12368,0.15205840890705674,793,27,1,21174,0.8728852868548336,1
87575,0.9721923671267302,497,34,0,4482,0.39329320835421133,0
16655,0.8954072964670832,876,1,1,45783,0.9586380385702772,1
80031,0.9349770548756917,816,32,1,16290,0.20969155160324526,0
86429,0.9954170403817918,813,25,0,12705,0.11644756275115561,1
97922,0.2565057242975386,321,29,1,24838,0.9137218173203716,0
65766,0.4566178170123929,411,7,0,13248,0.16178379953308503,1
23403,0.7824146281336821,356,49,0,21597,0.9927002763527425,0
42097,0.726418556248413,365,3,0,3592,0.9562571757811955,1
88657,0.23850631570586955,397,20,0,23192,0.2233188190326886,0
20966,0.8342498124915559,443,20,0,24362,0.5838261631233093,1
62921,0.3019965146529946,734,30,0,25360,0.26642826772042993,0
59726,0.30143585334036077,385,35,1,14471,0.4853396557271079,1
60300,0.5832769806040722,887,35,1,15116,0.15528261633384943,0
32677,0.6336459413575328,643,49,1,5433,0.3015321290169306,1
65609,0.62207758705403,593,39,1,5426,0.4269455167590096,0
66661,0.1823381536579794,870,27,0,26263,0.49478275022144935,1
41024,0.8897147763673423,542,26,1,4469,0.9797466323880039,0
80313,0.3390400383298355,860,14,1,36233,0.8270790811155831,1
63006,0.21656342915452376,331,17,1,4819,0.7636689498807515,0
25338,0.8998732718820794,690,18,0,42243,0.5833371832677768,1
78027,0.960086348406778,576,45,1,40376,0.8559979845439091,0
90135,0.8759148555389056,831,29,0,42409,0.40539055209013997,1
29508,0.8285644672523903,453,20,1,20823,0.7380092014959845,0
13051,0.6897177825751195,682,27,0,16928,0.9944055778403549,1
58747,0.5957716335482254,367,18,0,35078,0.38316601804167894,0
97142,0.17828808392026912,513,4,1,21450,0.7066157813955706,1
97235,0.4676078917636288,675,1,0,43541,0.8598833777371442,0
64021,0.43541966531108256,512,1,0,42289,0.924226825015605,1
76412,0.3337784053842936,378,26,1,18793,0.7461394218460916,0
68335,0.7510781023197265,680,45,1,6864,0.3552471310754226,1
66179,0.5462881615708938,357,20,1,35849,0.3936539364120518,0
42093,0.17294159431688316,325,23,0,1191,0.1186822289115678,1
79678,0.29816488175483025,746,10,0,30562,0.7847973799043587,0
90738,0.7149328872936364,365,11,0,1431,0.13846564545575624,1
49734,0.16851777354127018,553,41,1,46396,0.8781871191424712,0
82615,0.8660862226438918,343,41,0,32230,0.20679455302708494,1
83523,0.5456318743125769,396,5,0,14726,0.25468886092233184,0
27019,0.5325279195939833,853,1,0,14361,0.5288738237490136,1
93613,0.6331670061935658,526,17,0,31801,0.7640923736518681,0
96672,0.8422128693326343,735,22,0,48743,0.22510198467916992,1
83847,0.4130282871119738,678,34,0,23266,0.4960639675598486,0
92750,0.7102145373031572,477,45,0,36674,0.5345661469690943,1
89634,0.6091587675962119,726,41,1,41607,0.2910570775017322,0
38251,0.3403254431524792,606,29,1,18195,0.20400253901256857,1
35945,0.8907669877196421,803,4,1,41847,0.8527788306870756,0
42217,0.8176834194462352,567,5,0,3621,0.552219084786489,1
18308,0.6926066511925829,885,11,0,18757,0.11294311238573768,0
15949,0.8655235561848177,307,21,1,28664,0.8226831711781935,1
61990,0.8805647808638222,807,35,0,25991,0.9827144248731263,0
11150,0.7375266790435313,775,12,1,23665,0.6453335758728226,1
99480,0.8533119955273049,596,26,0,49214,0.5533375483756636,0
84740,0.7277243155023553,463,19,0,4248,0.8905742767404655,1
76617,0.7121266945842704,784,45,1,33545,0.9572651107161387,0
26896,0.6567502403936659,896,7,1,27053,0.7790832243122144,1
56175,0.7774449756018771,371,47,1,44831,0.500907636760859,0
17805,0.24274459476376634,866,7,1,30997,0.6329992593982964,1
15237,0.8927836832790356,858,26,1,31808,0.7308418285161993,0
30056,0.8846591749707088,537,40,0,40060,0.2748462139016213,1
55543,0.12632255473110324,403,5,0,47186,0.5024809289947942,0
66556,0.8432350755082864,509,21,0,10874,0.8468391382455565,1
13343,0.21598288072610067,853,14,1,5175,0.6892528136485987,0
23500,0.4016069688332278,767,4,1,1670,0.47008366049066874,1
63222,0.769157430662447,753,23,1,41949,0.6970262806132133,0
39375,0.2446839064434774,567,42,1,43985,0.2064001708652139,1
19662,0.836170321707156,685,20,1,12950,0.4613478495083887,0
26964,0.8489207601619677,686,15,1,11180,0.8138156841667508,1
69638,0.5567209603847526,558,45,0,10568,0.29845790842298325,0
83666,0.10574728454515023,582,29,0,35730,0.26736535680167595,1
95067,0.3583343198574215,339,8,0,46918,0.9557367939247883,0
77215,0.655234226538168,785,41,0,26706,0.28890786662760765,1
79042,0.9830675602246811,519,48,0,787,0.33482672168515126,0
23284,0.6686321743150015,428,19,1,22837,0.9726543450139041,1
82789,0.3338232229577438,819,48,1,21166,0.7612377132385231,0
94664,0.6706051327896502,559,39,1,1661,0.7296368797211754,1
71389,0.58598684174427,665,46,1,49781,0.8676337454691232,0
19435,0.8018608556360293,843,28,1,35631,0.20424077401311486,1
64340,0.19628257494426257,823,46,1,25035,0.7353606129220065,0
54078,0.7849251122518252,315,27,0,33028,0.553319748395415,1
88832,0.5871399208084993,428,4,1,39251,0.8462355762557259,0
61293,0.9666928034730952,874,15,1,17027,0.5573275467986749,1
88781,0.4076849494348175,408,35,1,41475,0.6582172188420209,0
70403,0.6693597038205533,832,37,1,24353,0.5299679137595824,1
39124,0.9388252949590157,568,1,0,15258,0.5303430312002597,0
53919,0.19225875519161134,461,3,0,744,0.7911729802556484,1
45247,0.943505638512806,559,47,1,3678,0.6657097605825548,0
72752,0.719097150070732,401,24,0,32331,0.6699368814484694,1
66573,0.16105335319465472,805,27,0,2676,0.5052542354483732,0
69101,0.37086721025213465,870,40,1,38270,0.5779985467037748,1
36646,0.7373548797807534,546,36,1,34154,0.7711458995843086,0
33049,0.16061554132189454,836,34,1,27127,0.8433468272007264,1
89605,0.6239534141586459,430,29,1,46989,0.7269052619296416,0
78385,0.41129475125766113,652,24,1,45410,0.9316656899611148,1
50158,0.6588239659907293,495,24,0,25381,0.8382916793324808,0
75417,0.14116783043126158,681,42,1,35922,0.6056774108285666,1
33289,0.8843831255371386,526,4,1,12484,0.7042654653793632,0
19823,0.9761400722596573,775,3,1,24276,0.9336774492290764,1
70160,0.9719900697571223,776,34,0,18255,0.6572512398187526,0
51975,0.7746866485686322,564,49,1,7635,0.8423262531818476,1
19540,0.21707761611756876,671,23,1,820,0.7199294532309883,0
26364,0.7824368763361204,785,23,1,37922,0.5967427249544198,1
14611,0.12212822481292136,733,45,0,29135,0.31765437587381784,0
37663,0.11991119637609754,510,5,1,22184,0.48339776752158536,1
61991,0.3912491972345872,871,31,1,23738,0.9709685423503441,0
67679,0.5397788713641992,676,41,1,22389,0.6919888449453401,1
40977,0.7933666760270138,694,6,0,30813,0.6079558423050907,0
59115,0.7149658389458546,749,37,1,33035,0.9396609629754046,1
98223,0.5013124357390735,663,10,1,49399,0.6278606029337038,0
70890,0.3462639996534993,756,40,1,11270,0.5734742665756627,1
76387,0.99741205014194,525,7,0,39821,0.7833797696351847,0
28071,0.48356317201237564,430,39,1,20926,0.74139905708789,1
69275,0.506248321896708,887,38,1,44827,0.2738440075675895,0
82369,0.24726143907250228,775,21,1,42277,0.5241774471167091,1
21938,0.8153285938749364,576,20,0,46750,0.5252638985376268,0
45195,0.7243140032033397,455,3,0,7998,0.44040206371901036,1
14000,0.29869265150988433,517,22,1,39904,0.5655641339370279,0
80588,0.17414294105425843,489,47,0,40630,0.4717966579544298,1
48304,0.7124493718672418,716,4,0,16895,0.27941094052406484,0
79449,0.6890600928530217,845,28,0,49846,0.471129838547213,1
92986,0.3459335742983884,340,12,1,3037,0.16504925281585894,0
99643,0.9557772060253693,606,38,1,19726,0.6182072764969704,1
30764,0.23595210260281022,637,36,0,15716,0.8682890940470007,0
96027,0.4891013209383417,613,47,0,19113,0.7527583759190997,1
48494,0.949254328150839,374,41,0,3509,0.42435463604870016,0
13373,0.4777545852335101,578,5,1,24868,0.17836408501957737,1
22161,0.6746733528976769,475,13,1,29827,0.2819344593027437,0
37350,0.45783495816651487,572,23,0,14709,0.5909413064453521,1
35351,0.346793682113803,588,30,0,48943,0.2863513750447296,0
98668,0.9855798831638454,571,37,0,15529,0.5895758001564708,1
25305,0.4684006056835387,365,25,0,2577,0.308439122287509,0
85353,0.904689283311221,782,48,1,14407,0.8640314825284655,1
86797,0.30695914530197754,547,27,0,37135,0.4575443255564138,0
75953,0.29179423362257495,455,14,1,49420,0.320995563350042,1
67458,0.12802067459606023,346,48,0,5373,0.8310935622223554,0
30358,0.6865001428382965,753,47,0,9135,0.4085550683249056,1
13267,0.43167370935138505,500,36,0,33565,0.20033891905490375,0
92745,0.8779224248556733,423,39,0,46363,0.6133685422632774,1
99588,0.5258889160224015,300,16,0,42304,0.6234077839941898,0
48513,0.9713740851232495,490,22,1,34283,0.7432261077121608,1
36092,0.266972964132809,878,21,0,34652,0.31619748988754703,0
21338,0.8817608511600497,815,21,0,42013,0.4993942051830206,1
10412,0.7989371675125676,741,8,0,29592,0.3541311271383907,0
17543,0.7938296601796468,442,49,1,18153,0.17285836250411932,1
43496,0.8603049053051989,490,16,1,32963,0.8889524443143024,0
70692,0.784921591848699,832,31,1,34528,0.755982824039507,1
99084,0.6635982894682738,526,42,1,40969,0.3713167535129206,0
54425,0.21812038991414884,612,10,0,21447,0.6394356935847877,1
48756,0.12927356154212674,601,32,0,30478,0.2811374093210252,0
28888,0.9287630630341182,759,34,0,22556,0.9012129596161939,1
45735,0.6549852830686642,700,9,1,29507,0.20341570902571926,0
57295,0.8168835618785587,850,17,0,43669,0.10345343095702081,1
93042,0.533370116361295,692,11,0,48787,0.5518073779652639,0
95999,0.20557737006615504,506,32,1,45132,0.6248150411075823,1
27955,0.2126672129822954,509,10,1,48949,0.6210687882662239,0
47841,0.7170087585060743,414,22,1,6043,0.14906073469404368,1
80640,0.48727530540951647,550,17,0,21567,0.3826394262265892,0
75510,0.28047225403030307,518,4,0,45756,0.5492790521571986,1
44911,0.5424350920672932,706,48,1,25597,0.2949212670645168,0
69031,0.1577880433676207,742,47,0,43347,0.8853632969373068,1
98726,0.6237742617229589,653,25,1,44012,0.17839836051529062,0
17357,0.3420940639915879,857,21,1,4309,0.5386459975048385,1
42479,0.8178031905734693,849,37,0,22691,0.7222744517618368,0
71476,0.37932576303121646,441,38,1,21767,0.33557599012103423,1
54811,0.5096981341736211,800,49,1,7706,0.6618166632977663,0
46208,0.11045848591729057,846,1,1,21557,0.8464466351281371,1
30150,0.165202199015103,841,25,0,29492,0.2713032775855428,0
81180,0.45324420076601635,806,36,1,47014,0.9254985326423766,1
53286,0.5319449512454112,895,17,1,16495,0.5982026793961223,0
78450,0.6400184933073734,580,41,1,49303,0.36930880387095455,1
31352,0.3624963208383729,723,24,1,44939,0.4877724478440437,0
65069,0.7254836975138883,569,2,1,13710,0.38097269540774914,1
24397,0.8741101574702841,453,40,1,18293,0.7526000439399845,0
51555,0.8018658900040149,382,15,1,26770,0.816670597073619,1
56959,0.13565694281352145,725,32,0,5697,0.8496436530867949,0
10728,0.5324562525320461,574,39,0,48821,0.987191424627167,1
60517,0.1944371605763574,583,6,1,7952,0.8121558632470152,0
76234,0.31784051427627474,472,1,0,41986,0.641245663619707,1
49954,0.9879963339404318,626,47,0,15359,0.4052982685526054,0
57280,0.22824598861136192,362,23,1,27736,0.5901359038396745,1
89459,0.5489993381062205,372,39,0,32399,0.1369613555113649,0
26779,0.6563401608863072,674,17,1,32583,0.7703425679769218,1
73932,0.7322184734896936,807,34,1,2672,0.5013599905828916,0
82936,0.6036838151382227,697,41,1,46426,0.11802090675896887,1
34466,0.1087937626772653,419,29,1,17163,0.15625624735936974,0
46939,0.3938151774195927,736,9,1,28040,0.448719817439581,1
79896,0.5659404790462403,764,13,0,19553,0.6250793671165916,0
45270,0.17907984923035003,585,6,1,11585,0.517783554056914,1
69163,0.4155642380882627,564,6,0,31064,0.6572838855629394,0
92637,0.12988279791222992,619,20,1,24709,0.5322648329122203,1
61934,0.17072064743951867,675,3,1,4481,0.6955334609332121,0
74895,0.4572309485814364,388,17,1,21653,0.2972134582037208,1
42307,0.21944417863875432,502,49,0,5747,0.20155886846525928,0
64098,0.6107867634354023,633,12,1,11053,0.6367905591630939,1
70921,0.7205184722235392,521,48,1,21311,0.5362205652426767,0
15486,0.8205280291981746,340,47,1,30345,0.12418088864044177,1
18335,0.2801352198203291,367,45,1,6635,0.44243369694373225,0
96900,0.25073432403316276,813,1,0,6073,0.19551302694189593,1
99112,0.19411105630096023,897,17,1,14231,0.5782211485774257,0
21130,0.672787224589273,426,3,0,7689,0.45619991169438767,1
97508,0.735828153838211,554,26,1,15041,0.6518367199927161,0
70566,0.12842753034307783,315,15,0,44146,0.8250419968932144,1
76703,0.9425910216193208,776,36,0,11587,0.3697018154573417,0
37192,0.14677415528632518,361,32,1,46935,0.9658918937485248,1
11062,0.5871667017709634,731,32,1,3276,0.582071050528817,0
94076,0.7381544675058248,567,4,0,42579,0.6564617188793092,1
99780,0.883872211371477,334,18,1,28064,0.7126051359031633,0
31545,0.742678238919185,875,49,1,29335,0.7000583768718308,1
31689,0.8215552747628126,793,19,1,8197,0.5598736687405559,0
21174,0.4055051732885254,861,43,0,15129,0.4858878620032152,1
98461,0.833342602371861,768,35,1,8886,0.14840376775964012,0
19348,0.17210336174620763,624,40,1,17546,0.11987726077106177,1
33714,0.9053349904544749,603,14,1,8544,0.4221650750794882,0
48102,0.5928331385383626,575,33,0,10115,0.4002948015703234,1
84460,0.8355679929662443,500,14,1,48302,0.4489256393551061,0
99930,0.5070864560664702,744,34,0,5560,0.22453138079937102,1
16801,0.6792199256768725,623,4,1,11400,0.7643514434831593,0
82267,0.5737623948425019,334,24,0,6081,0.871267973298615,1
58136,0.7584305695797987,781,29,1,35282,0.9448431718366315,0
33625,0.17346698382753062,779,19,1,20673,0.5431260731676633,1
92873,0.15431687559150742,364,6,0,13497,0.7307791292128858,0
82592,0.3223929106091318,307,33,0,43903,0.8699960110922852,1
87052,0.2435902121018695,600,49,0,46916,0.4764619999841374,0
54261,0.8846052099329815,642,40,1,7648,0.37847151538339996,1
11542,0.2972925886222399,730,19,1,19248,0.9430521002681411,0
31677,0.9782787302372181,723,1,1,14522,0.5641088959693659,1
56732,0.40320621259399614,631,5,1,20513,0.5475284979317903,0
60343,0.2639061241198294,737,27,0,39187,0.26057448690714624,1
49081,0.8107286564282312,887,16,1,16386,0.19733951311602108,0
72856,0.6928369979507885,473,6,1,25756,0.8578961762351605,1
98858,0.5483761448078251,858,40,1,30505,0.6527198585687662,0
29065,0.5998271958438681,826,13,1,7138,0.3932421256175038,1
93460,0.7472816004450374,325,48,1,37919,0.27256259565123986,0
98092,0.30560926719816883,705,35,1,33877,0.5999475521526683,1
64693,0.9967005244510677,531,19,1,41208,0.6255273603350218,0
36962,0.9773138459321048,832,12,0,43616,0.28629424112055235,1
38295,0.6852931177122432,849,16,1,37134,0.8662651731023265,0
23807,0.2795882058362306,804,43,1,17255,0.175837929540266,1
52348,0.7122054181881622,478,10,1,23882,0.42048377664977954,0
36432,0.16497856808125827,431,25,1,22894,0.71234597238627,1
93285,0.12758725198522547,754,20,0,2753,0.34670832743728064,0
67854,0.3319145996600923,647,31,0,38210,0.8449076753031446,1
50262,0.5163606610653847,839,4,0,45598,0.7658810439403632,0
47080,0.8814452548675424,705,44,0,1364,0.8101205600933208,1
11324,0.7544521627896772,375,23,0,34536,0.20719588228904465,0
45909,0.768435869079983,878,2,0,40722,0.22649241519598864,1
99339,0.48294400100326784,791,22,1,14166,0.35782636397012524,0
29870,0.41134149329226666,493,37,0,21455,0.566269448677805,1
44578,0.43393488668614244,461,8,0,45638,0.7732144690294621,0
82124,0.9888846073624521,646,7,1,38497,0.8528778016848131,1
36790,0.13609827227123425,660,14,0,16809,0.7339017843614624,0
35289,0.8803283465102038,883,3,1,4554,0.9357371933775745,1
65129,0.6208078677151541,386,16,1,1435,0.7648691586543372,0
25485,0.49475387727063147,561,19,0,45440,0.37564109830415326,1
54482,0.7527318943736229,513,18,1,23278,0.3385731559047154,0
96188,0.5380020472822326,872,16,0,43798,0.7265732052709809,1
14748,0.8860809142734944,561,8,0,48828,0.2735835118206529,0
96769,0.9106316776101326,582,33,1,49424,0.1834433297292429,1
19435,0.47954883418610994,766,49,1,17209,0.5790005873705746,0
13709,0.3491450175115464,679,12,0,10226,0.8394774128010598,1
40355,0.633115295734026,661,11,1,41042,0.1912418582228772,0
65771,0.9211270110550218,748,5,1,20745,0.8127021914161563,1
67799,0.28959597010509996,740,27,0,35253,0.8304148039163932,0
23116,0.6606699252071345,392,12,0,14752,0.5340466000733892,1
35470,0.6684041980832685,723,17,1,21816,0.15157927900943813,0
52344,0.7598017201737529,441,6,0,37871,0.25713086612246777,1
52918,0.21841091661453382,590,33,0,19662,0.7366836476457391,0
62224,0.7442424682138797,731,5,0,16460,0.7406001504918546,1
49298,0.9181292685990768,348,28,0,31291,0.9085197476508988,0
90219,0.2617147979832178,601,14,0,42730,0.6244175318991245,1
71629,0.3137889924314899,489,5,0,25716,0.21169663094239966,0
76040,0.9742555846374756,435,33,0,32967,0.20927341495447493,1
38016,0.2628792574385408,854,48,1,47434,0.7490191216211413,0
33960,0.8689465840326213,703,41,0,8254,0.265406198597111,1
43591,0.5430500708032313,640,19,1,47514,0.39554694965494486,0
92848,0.3225079669628593,617,22,1,4578,0.5384908062297226,1
77641,0.8836749111452602,662,5,1,13353,0.12228838981853608,0
46395,0.500774729502399,681,2,0,4542,0.3239371243179387,1
32700,0.5633356185367212,532,30,0,49552,0.4671006476565521,0
44620,0.42331003245978915,643,47,1,14889,0.3516726866438856,1
30559,0.6336557662914347,848,39,0,30925,0.22273329472080927,0
71642,0.2471714853265205,852,4,1,3075,0.7552110320165777,1
86539,0.4519733829865846,828,33,0,40022,0.8318328896511864,0
31732,0.9724710901017588,870,13,0,28679,0.33173107852935235,1
40354,0.33232008943101476,482,20,1,35254,0.796977545145673,0
23843,0.691062998087163,340,7,1,19124,0.4469982079611825,1
81726,0.39267105780222544,850,15,1,20850,0.5560172117686025,0
27640,0.7961258131179406,696,23,0,27181,0.8704009674038375,1
62528,0.21778629464651483,793,14,1,24488,0.774958313622167,0
48413,0.9728389405706902,632,23,0,15970,0.8246051661845599,1
62638,0.5084105872452753,426,19,0,25204,0.22316064992772114,0
62736,0.3124454170118176,857,29,0,39236,0.16274748325035654,1
78866,0.1661470725970114,856,20,1,29877,0.9040642561791884,0
29087,0.2527821145787867,300,29,1,29072,0.449050842613985,1
51430,0.5677965537004159,467,24,1,7993,0.3590917102627128,0
34504,0.40330285878815764,318,18,0,4603,0.7522266288356421,1
17114,0.8459950292943486,631,10,0,35344,0.8527740369218709,0
88859,0.4877987712956253,883,41,1,3494,0.8762406597084709,1
20975,0.3238428453288669,755,8,0,4244,0.38439742701270463,0
21023,0.655430487943627,408,26,0,47734,0.8669911520815066,1
31447,0.7360994951969012,567,29,1,47791,0.13684054993691086,0
33959,0.2503377171108549,744,10,1,27832,0.144695342313747,1
76203,0.2508572946594859,539,17,1,6094,0.6611672756567389,0
39703,0.13300428424018867,600,2,0,40799,0.15679573220399162,1
19337,0.7627618135590765,402,6,0,7871,0.39214825165914535,0
56427,0.6974240748596245,549,5,0,47815,0.7054803876222316,1
71529,0.5271677881748326,752,28,0,18528,0.40354020644880373,0
94665,0.8597534040722774,819,41,0,36412,0.2616398032960863,1
41921,0.8251031376550478,452,5,1,14490,0.3532155596684575,0
43307,0.6268189279570769,473,18,0,47351,0.5118177990253886,1
37355,0.8814441524619328,642,26,0,17126,0.5278472698199341,0
14835,0.28525708903309144,730,20,0,20969,0.8047002082124818,1
30159,0.2007276574579551,623,41,1,41222,0.7751379064883612,0
57605,0.34277465036529065,719,49,1,40537,0.5111360241005217,1
48088,0.15137817048038338,893,27,1,7630,0.8611006141888943,0
88752,0.5780525752009288,784,49,0,7328,0.20281342473225628,1
65284,0.9429451230654653,711,12,1,42112,0.32981801520601134,0
67043,0.13540918660165868,383,7,1,47488,0.8451788171520264,1
45547,0.20989892260902412,412,3,1,39599,0.4401946347635378,0
92844,0.5069791254550917,631,10,0,46665,0.9830634029144579,1
37532,0.9404875157751145,677,34,1,18383,0.5196279533750519,0
44349,0.38454049447907546,340,25,0,43559,0.8127420606673876,1
55445,0.5565113278195533,404,35,0,19042,0.46207633724413477,0
15713,0.1374155731453529,501,16,1,43432,0.4824581671561874,1
66178,0.23350888086587998,749,2,0,10950,0.44459483255576515,0
59407,0.9879671106629622,565,24,1,20923,0.7471680584597306,1
80340,0.9686068267924409,509,10,0,2535,0.5927660956539951,0
60990,0.10444598284096866,862,38,1,44731,0.9494003002315322,1
85672,0.9566306068809151,417,22,1,41245,0.32580128488069426,0
75545,0.6752079440339503,676,26,1,17741,0.19050645887509993,1
94791,0.88112646506802,850,43,0,23654,0.45393533658929375,0
68141,0.5092658700704732,839,39,1,26125,0.6550414368820984,1
33793,0.5640364257213253,383,27,0,45450,0.8747190432239456,0
66570,0.5399619222312282,753,29,1,33566,0.41157719801229486,1
47892,0.700177831791494,813,47,0,34191,0.6884080760120155,0
11015,0.22568612928068163,686,38,0,13831,0.4151788129208972,1
71813,0.12697623088541016,649,20,1,21190,0.6554976246950123,0
37712,0.3771369474320718,595,27,1,19683,0.8963271523275859,1
18415,0.734212686462982,557,41,1,39846,0.3082218780334681,0
72292,0.2816681069106535,380,20,1,5375,0.4638174778963353,1
33833,0.7060891899924255,567,44,1,12754,0.9939386767867718,0
14158,0.9729208414965433,718,19,0,29121,0.8817013254245147,1
72680,0.18451064421047655,534,20,1,11405,0.6081758721065817,0
30309,0.7053419064026136,610,35,1,46621,0.5649648326688478,1
16970,0.49937519737411407,656,47,0,16382,0.3561403440742129,0
82474,0.8813280289397548,512,2,1,19541,0.5654884849241765,1
96704,0.25943481050264733,873,30,1,29598,0.8633633484519524,0
56540,0.723363357003548,348,34,0,42931,0.7166570619500024,1
30384,0.8543037606832992,426,22,1,34209,0.36103962536018797,0
28017,0.950152797526621,522,3,1,35175,0.28131752894817963,1
85880,0.7149232254606812,578,6,1,5337,0.3386876832971462,0
18702,0.5474572876075846,707,15,0,46948,0.2527832812535439,1
10384,0.6560625161810925,804,27,1,24989,0.18607662642134437,0
10404,0.8820144860308464,593,10,0,18127,0.47722255699784955,1
50943,0.6135487719749467,576,9,1,6196,0.20196964395844091,0
57926,0.12734835372715317,737,33,0,49494,0.2547213019543939,1
39189,0.93785382595628,406,32,1,14043,0.5925922159055376,0
22763,0.7205740759284051,719,48,0,13115,0.24813934632961726,1
28384,0.7088620471995218,728,6,0,1966,0.15749179068781258,0
70100,0.29410763715794547,674,41,0,31271,0.38564996502509674,1
19860,0.6929969232093914,372,36,0,18850,0.2982871887597708,0
90642,0.4544779650887426,329,2,0,875,0.5637746691949391,1
60612,0.6861096793373429,487,29,0,33530,0.19213037612488837,0
33574,0.19593372727719166,663,4,1,21246,0.7765937089146803,1
33524,0.6920607741427324,750,1,1,23386,0.9156101674916247,0
79172,0.9994723531936,494,19,0,44848,0.769091656560575,1
20916,0.14339083497450045,455,26,0,43404,0.5795443336612548,0
14809,0.9794567657991856,471,25,0,33151,0.8746010396099966,1
42201,0.4662171646505836,340,10,0,8333,0.7254265418033568,0
63330,0.8836781053035332,362,15,1,2393,0.10949601020517087,1
23456,0.8041469356524461,322,22,0,31073,0.45468113749705286,0
66397,0.610314634888001,659,48,1,31871,0.86585670946612,1
48765,0.7646042883261939,374,21,1,41374,0.4112729721777424,0
44816,0.8906640051712131,859,22,0,12326,0.13169365617297116,1
55106,0.46372628948592964,417,36,0,34920,0.7715616746970451,0
63932,0.39432984540691485,679,34,1,22424,0.8218344432545817,1
27100,0.7008340470072263,589,30,1,33867,0.24453432553897772,0
67091,0.8270613477471327,739,25,0,21699,0.5836064471588631,1
31949,0.7860566212989542,306,45,0,26368,0.27275989509615317,0
80080,0.8180322839727711,495,28,0,9292,0.747310977139732,1
47744,0.4920249833316397,720,1,1,21097,0.34439540965973714,0
55543,0.8360507945575194,867,49,1,36905,0.3845936103069971,1
46187,0.2081881498335476,492,45,0,33196,0.8604737682760912,0
17239,0.5900401881647646,858,4,1,43623,0.5286901169862139,1
24489,0.10518279444830941,447,7,1,16489,0.7027790060964231,0
68017,0.39212724691024325,501,49,0,29431,0.46213574565022086,1
71877,0.4298153813842581,743,9,0,9790,0.36820617147437984,0
53125,0.4565554224483299,718,36,1,38867,0.6629302543821952,1
59922,0.725920486020876,726,19,1,14842,0.23937181667093915,0
42049,0.4497022911433112,778,1,0,25441,0.4356998520101767,1
47131,0.5038242603602776,774,10,0,14445,0.28813333364733007,0
52944,0.31378971778689474,425,36,0,11262,0.726215470246671,1
83963,0.43592661246640607,694,9,0,30633,0.9497879545114968,0
34285,0.3045426645368363,875,45,0,47580,0.9959598712142798,1
47626,0.1658763313915993,624,46,1,40650,0.5052491293974317,0
52808,0.6431037340432401,691,42,1,27552,0.32727735067280006,1
98464,0.7013915186995147,739,32,1,42250,0.49854643334589177,0
63871,0.657541311408653,503,32,1,20453,0.8625424689664515,1
29198,0.5171446394205151,785,6,0,40975,0.28540511069683594,0
29758,0.44180720216130687,330,48,0,17630,0.9568860864876314,1
25254,0.8770002846146427,687,38,0,31586,0.4076791919183359,0
54238,0.5671736066225963,733,17,1,5133,0.9872232935052744,1
11252,0.5312636898667579,675,10,1,17804,0.854747998780566,0
49764,0.12307785922579212,643,27,1,42537,0.8277134807326513,1
87709,0.4071230448635408,742,35,0,32784,0.3861142063959553,0
47441,0.44217605690727135,878,21,1,47046,0.10789949075313653,1
63682,0.45894050280721044,374,25,0,7508,0.4439196179433891,0
69494,0.6221551323045991,856,28,0,48791,0.3716284326964243,1
91317,0.5802422920541906,454,47,0,27905,0.13365729136791757,0
75215,0.6471145835141001,729,15,0,36886,0.5548287308553367,1
88587,0.7883949353879154,662,4,0,25873,0.46272818015446293,0
16949,0.8316871648444841,747,29,0,21327,0.6711008209673722,1
65393,0.7463107686038449,533,9,1,33540,0.6590676899746749,0
83553,0.9599713263594413,862,27,0,13507,0.20867197230701212,1
16941,0.11640932440872548,561,26,0,18657,0.9792689915139603,0
35934,0.2762001871151915,424,19,1,32657,0.26823828649730225,1
33386,0.10680658748032791,544,28,0,35815,0.5007466222882341,0
71886,0.6827272427391426,841,17,1,36432,0.5393057890903614,1
85745,0.9082274940549883,784,43,1,21664,0.8317565174927081,0
93251,0.31913406691866936,421,41,1,14914,0.1893066364851821,1
63413,0.9343310903166759,424,42,0,14827,0.48577985128767864,0
66800,0.15424065126060477,848,20,0,48844,0.6656519532125835,1
52318,0.9409924241249629,469,45,1,1446,0.29364005946165,0
80173,0.41646041851567095,423,40,0,15193,0.6647211088894655,1
80390,0.19127874560429486,334,39,0,27741,0.9312983537946874,0
62329,0.5372845832676931,386,49,1,30754,0.9977663180554075,1
53088,0.33109891094845717,500,23,1,16040,0.12920596911160814,0
49811,0.3563856117657306,668,47,0,7219,0.31202940542020974,1
65479,0.37656096843365794,376,32,1,41703,0.37927640421252773,0
95392,0.8227233080493971,358,47,1,25581,0.45921349040046955,1
97369,0.5852451490077291,730,33,1,11850,0.3180314418262907,0
29963,0.38017692924040325,799,46,0,36858,0.28313919509978125,1
65123,0.6493004049798266,408,5,0,32521,0.95909845817575,0
83477,0.7445356068008742,577,43,0,43332,0.9266694424934661,1
24388,0.3453616006601804,367,48,1,28869,0.14229325090280573,0
15569,0.4721941913728164,368,34,0,32228,0.40493171944436335,1
79836,0.2096974840032528,464,40,1,18076,0.464633698310566,0
46586,0.2630344145812123,788,11,0,29501,0.315113081199349,1
22015,0.7130060685684845,604,3,0,18348,0.665985607289358,0
55002,0.26329451292606426,664,33,1,890,0.6763426719798169,1
16254,0.5726470453003542,678,11,0,22499,0.8654538054957374,0
27144,0.7381416355501894,642,16,1,45936,0.766782341546696,1
34214,0.19618923078526945,853,18,0,12069,0.5883159942693601,0
90719,0.6105809976660131,653,30,0,13529,0.6882280930399779,1
81774,0.3309065053312274,715,48,1,22990,0.3465899033887163,0
16090,0.9666341877138218,408,10,1,46375,0.6337505709706219,1
21637,0.5351910820479323,862,18,1,35828,0.5403045292749273,0
32415,0.8253932947976423,796,38,0,6367,0.22001002058473335,1
34071,0.5952038879406356,640,19,0,15784,0.31828984892467366,0
68243,0.13907127956933726,682,36,0,34479,0.3625241056494275,1
51240,0.6698362380346201,832,13,1,9621,0.9318786103473021,0
93807,0.9562630079859913,599,46,1,2039,0.3073479754473005,1
43434,0.6414506381316981,438,3,1,25988,0.36031951253770134,0
79724,0.8372699734841111,658,10,0,17527,0.43241871708048907,1
85697,0.895785817013567,798,38,0,9193,0.6973684647628483,0
38732,0.3052717947540392,684,1,1,9421,0.20641455322492647,1
21314,0.290840355917404,579,27,0,10810,0.9585506912443984,0
33954,0.6498828899658925,782,46,1,46012,0.8790140980852881,1
67108,0.46992562282603423,410,8,0,31408,0.6194944657080551,0
97044,0.8558751725800483,438,46,0,4886,0.706634080682461,1
97505,0.9100208110582101,734,42,1,32763,0.1149944241197944,0
46668,0.41807924137244634,808,17,0,28912,0.4050502978136038,1
33061,0.31318350307703385,572,9,0,17803,0.8160942075952978,0
89252,0.8024729637194756,398,6,1,12742,0.16973467641314732,1
49749,0.3473254319933225,403,43,1,47525,0.3540824507896482,0
26907,0.8403528866623106,513,25,0,9447,0.6267671455008802,1
28777,0.4813644282838866,464,39,1,47214,0.3307717249290476,0
61745,0.7007949093623234,819,49,0,6430,0.9405801767300673,1
91818,0.18598178245120137,583,28,1,38670,0.21795276772386135,0
33624,0.6614733922089157,816,33,0,49285,0.8176549221170007,1
33321,0.5065909108635063,463,37,0,1007,0.5571538227157674,0
20488,0.6279476168579267,363,9,1,1936,0.7752976982379604,1
32574,0.2512127869703771,390,18,0,27651,0.3796437954803027,0
15240,0.7631863704497639,416,21,0,12118,0.5630406420808349,1
53221,0.8765173697889057,566,2,1,9250,0.8711518147508587,0
20478,0.2950658200816981,858,43,1,16622,0.520190289210794,1
65645,0.18614309996814554,439,38,0,7854,0.42374787571924266,0
29262,0.12127472744170276,545,40,1,44562,0.5825398476274625,1
62796,0.6777743503989394,694,36,1,31479,0.7456264777327302,0
14432,0.6463846324799026,786,43,0,21400,0.4992070109486525,1
74291,0.592027671442663,775,37,0,14340,0.9449892776280456,0
89104,0.30875238650437786,816,15,1,37667,0.3654512416381078,1
69399,0.45181539631496326,483,28,1,5537,0.5279172455522084,0
89714,0.6350287016675558,319,18,1,29133,0.7812348934072973,1
60428,0.5470901729732525,857,34,0,24995,0.7202089814461824,0
97731,0.9890069681933986,823,22,0,16348,0.8772769471754406,1
10302,0.22279577730105982,881,11,0,36983,0.997128262612998,0
92558,0.7256300986428345,828,13,0,48145,0.48417249591558065,1
10055,0.46388689129386296,446,4,0,8337,0.20003579180498066,0
18717,0.48537965343305334,603,22,0,34569,0.12737429272717118,1
38699,0.7458379890923587,881,7,0,7870,0.7541892155257944,0
83686,0.7231925361919327,527,43,1,6911,0.8866123041778441,1
77661,0.9921303943319695,401,24,1,39633,0.29864132734997684,0
54247,0.2155548605087127,886,4,0,30999,0.2426032334709154,1
26748,0.19369868444574972,716,28,0,30725,0.1559845823731219,0
14621,0.751904935415867,515,15,0,48717,0.8404326295454857,1
25034,0.6205482253057681,706,1,1,1192,0.3802437459033259,0
15126,0.3467445999038253,698,3,0,29426,0.46152720348379883,1
15122,0.17147743209008795,798,14,1,34746,0.5524751724486511,0
28030,0.17709242463678748,764,38,1,39664,0.8555079107885957,1
92838,0.9047717871977065,381,1,1,8948,0.6857498994053365,0
94717,0.27268059224686864,664,38,1,43890,0.6535581668720302,1
65658,0.39103440590396865,462,38,1,10573,0.25810488996031966,0
48638,0.3039907620042892,347,21,0,35914,0.5618709025388468,1
77067,0.41949667524874357,810,48,0,5709,0.7438429154607897,0
98869,0.16248145847148404,628,29,1,7033,0.9759347947274426,1
44674,0.5671538118174434,415,5,0,21561,0.281265678292017,0
45854,0.16085130723299343,636,49,1,7711,0.10858901776050399,1
56271,0.8203208570401254,446,10,1,10427,0.16777129023862278,0
83688,0.31034087371938973,874,28,0,12427,0.4382672186637814,1
48518,0.5860107231440596,622,21,0,25094,0.8384901829713884,0
20267,0.8920711788053124,742,7,0,9816,0.10642787359142054,1
11062,0.6857896321424748,312,3,0,12677,0.5110575335972563,0
60448,0.5796620078962018,793,45,0,11346,0.39630755380725513,1
16229,0.391900377803838,586,47,1,8433,0.14723353908975484,0
66793,0.39970172175237817,413,20,0,38744,0.5052126580053555,1
57915,0.7025382596783711,779,19,0,47121,0.329273836603047,0
14632,0.9947254250990508,321,35,0,41196,0.41669635091230584,1
13596,0.6956552708644408,648,4,1,2580,0.7350537743058637,0
16168,0.6020050756330224,865,5,0,6589,0.5693958855198704,1
17561,0.7575854592153215,619,1,1,26623,0.21218268609353202,0
83794,0.5186850510553463,425,4,0,8297,0.9652730863812752,1
92152,0.1541281083407067,576,12,0,8846,0.6723196891387645,0
36734,0.6060671342901188,503,27,1,20378,0.7892815830962784,1
16371,0.9618627560548422,493,42,0,34172,0.17129183500753375,0
36069,0.2577726481218937,846,23,0,18153,0.14235254151401702,1
89905,0.7210044017385991,585,25,1,43242,0.11750324533127306,0
22910,0.2808403197931508,356,21,0,26640,0.2699146249961,1
83479,0.5822449160257731,602,24,1,1684,0.4729675579466457,0
87735,0.18700880468204767,462,25,1,34993,0.9422435200625405,1
91264,0.5053338426323667,318,45,1,44648,0.5113536933391987,0
33275,0.7805469960057214,669,46,1,25346,0.3612295948352765,1
82274,0.41281437181508385,563,32,1,46325,0.605741728167697,0
91449,0.6984205520384962,412,32,0,22695,0.2007411203213103,1
70004,0.8159049647107562,787,5,0,6106,0.6485553019044848,0
72981,0.9344600375315074,626,36,0,4456,0.611588758897453,1
94659,0.31117787366990823,841,46,1,17055,0.8127937300651388,0
64553,0.4593843242283774,878,42,1,25349,0.9880188504553217,1
58447,0.2371744119973757,364,49,1,19190,0.3257861245444995,0
44529,0.9932351519425376,591,42,1,49349,0.5586908057233846,1
85703,0.9343008711318658,324,39,0,26847,0.9179788656871032,0
86090,0.5859614172525036,848,16,0,33689,0.8066708959805572,1
27260,0.8578299649387792,300,33,1,38808,0.5386656727907269,0
13812,0.568862179544838,848,49,1,26285,0.9508344846533,1
38024,0.6612271192024838,440,21,0,49556,0.15151302416512846,0
68656,0.18021198890441498,487,9,1,33198,0.9378987577413256,1
37285,0.7797433784471272,427,6,1,16466,0.1454566531445259,0
11605,0.21494213527171135,500,45,1,31597,0.5925742697032159,1
81158,0.8434608672272755,426,35,0,16382,0.9013968532009772,0
82303,0.8038252789033473,556,39,0,5175,0.33644884920517254,1
37139,0.7378702279686787,846,22,1,42350,0.5250236490506427,0
87149,0.13254434247228591,493,41,0,13509,0.39189599122327,1
66138,0.3728155203507958,403,5,1,28343,0.9569295253687162,0
86125,0.33680131291975857,834,42,1,30293,0.8412810352777818,1
23918,0.4241227667243672,564,23,0,40016,0.7381013601937416,0
95655,0.1788784720874547,683,17,1,39371,0.6288642879535978,1
37446,0.9432620407279565,559,12,1,18357,0.8385326103917333,0
23046,0.5984220166411387,713,23,0,20127,0.4530403373711924,1
34818,0.3749718795922212,657,16,1,19065,0.5027966695954557,0
14324,0.4572833653668551,374,3,1,26525,0.7570015489727753,1
86323,0.5024822864543521,654,30,1,28332,0.42197928696434284,0
19111,0.6405349000245556,883,22,0,44616,0.15751084784353644,1
48110,0.564111484926848,487,9,1,10282,0.1669011479974643,0
26389,0.9274527758929756,589,29,0,39150,0.2038265211751335,1
51427,0.5472671346152472,344,47,1,22866,0.8827131910092965,0
89579,0.9929422133409814,872,37,1,29057,0.5250037831805839,1
38746,0.8662824619705861,382,23,1,6298,0.7415941324102628,0
97886,0.28765946292160227,422,13,1,10127,0.45361840204440396,1
10117,0.9375356931795247,657,32,0,41683,0.33283985267407107,0
94471,0.2047297580969285,827,46,0,12966,0.4124729508059908,1
23234,0.8357047376420724,365,47,1,43114,0.8147641107854652,0
63441,0.4425609641289221,674,48,1,13220,0.6626945125282944,1
10846,0.8901768884005625,461,23,1,42413,0.9438758019621118,0
20954,0.8812510210967053,679,45,1,37792,0.7117343007191506,1
89239,0.825332860105859,657,17,1,7059,0.6131634685792245,0
56514,0.8110273926763553,487,40,1,40888,0.6491764080872511,1
98236,0.3742112251882367,621,21,1,19658,0.9481342955215731,0
16469,0.17282735474612698,749,2,1,31416,0.8093808368800355,1
40105,0.46268216088864533,773,37,0,22557,0.12163711362979404,0
52101,0.2561720634878578,312,6,0,36392,0.5807257265221275,1
74323,0.7254559800122156,483,44,0,41939,0.7195045703919083,0
68067,0.411489753884007,410,18,1,12206,0.7738286305952395,1
59376,0.9780491807739234,807,30,1,12570,0.29182790738254305,0
55587,0.6768748696107988,589,22,1,41402,0.880459619006217,1
46976,0.8402325072709248,594,33,0,1424,0.9602588324576473,0
77584,0.21927220546766357,750,30,1,26978,0.3130437752603828,1
88477,0.8758130340453603,514,17,0,6006,0.8943539117655213,0
52533,0.9304814714620548,866,43,1,46918,0.18728088626448586,1
11828,0.5383557269370424,326,32,0,35663,0.15013615250372067,0
11917,0.6456276439758797,530,42,0,25104,0.21630142009247444,1
30618,0.7883288208126958,864,14,0,15810,0.1519669715203324,0
42254,0.25735476453437134,620,10,1,8726,0.8605110134401983,1
57362,0.5523094688170982,532,47,0,12281,0.15314513001244476,0
30128,0.45879672499508184,736,36,1,6015,0.34449777222728994,1
69383,0.23173659294602422,832,34,1,36633,0.19338070918227074,0
75545,0.4307809800623783,702,9,1,17472,0.36587983268238844,1
92180,0.16135507844694422,352,42,1,32592,0.18150352084082844,0
97958,0.1232307162545383,612,28,1,11910,0.7012029256687127,1
19865,0.2216496602393405,580,11,0,20022,0.21999413470831763,0
12219,0.9668036004302565,330,14,1,9595,0.8666613332549991,1
49809,0.5945765823055152,636,39,1,23547,0.8354719456539769,0
15287,0.9692399450378979,482,47,1,20970,0.11229551692354849,1
44387,0.4892480904971188,322,19,1,43629,0.9061537199636032,0
18512,0.3806345197767337,843,15,1,9031,0.12604988506903037,1
11342,0.5555276765562197,745,28,0,37538,0.315681206461801,0
73076,0.4955605197696191,373,24,0,22903,0.12915022399839557,1
29216,0.19509821583556952,309,8,1,43174,0.4022591383353844,0
89767,0.6767436832211856,783,43,0,29622,0.5624798731419445,1
36614,0.29443436425863967,755,9,0,17440,0.8169803821136242,0
46258,0.6576291594080467,865,47,1,30331,0.40418339542285253,1
52078,0.6851809831583381,863,33,0,11779,0.734941022205805,0
93524,0.2368223678157833,459,33,1,38720,0.2687540114070823,1
22219,0.15521466439960135,313,19,0,6977,0.7755386110697138,0
10235,0.8026854274615959,477,3,0,17900,0.3123969453183138,1
52929,0.5138203813923882,711,10,0,6970,0.22919028034939115,0
77444,0.15234741595492823,352,40,1,2562,0.2668679653366489,1
18567,0.9953796854527904,707,47,0,42298,0.26385681599366984,0
80792,0.15200250489672998,321,42,0,20380,0.5615765914392921,1
75441,0.7255317059726979,329,1,1,35081,0.8603178230693315,0
94555,0.9853110327370722,559,29,1,44939,0.17164456929325506,1
83698,0.31526209379433306,504,34,0,14808,0.7362606866440804,0
15415,0.22802443181847656,358,13,1,26527,0.6889118136875719,1
46159,0.209246445480186,770,1,0,31220,0.8852679566464261,0
53925,0.372947632810836,765,34,0,35581,0.31973280445621655,1
15951,0.190941229909582,311,29,1,10206,0.5050988728165267,0
97388,0.7229452075247187,589,48,1,10337,0.9332446369991656,1
18007,0.15606261831705642,653,47,1,39099,0.6939941051217855,0
51832,0.5584799153348108,374,13,0,37324,0.44989157157543724,1
68596,0.9970271684676791,860,48,1,33573,0.21827114456974162,0
40523,0.8325732425554169,890,49,0,47615,0.33623650711053193,1
